Date,market,log_return,volatility_20,volatility_60,range_pct,volume_ratio,return_ma5,return_ma20,volatility_ratio,gmm_regime,gmm_regime_label,gmm_regime_prob
2020-02-20,sp500,-0.0038228174279975,0.0084007868693751,0.006104846586887,0.0142681889735285,1.061598901311514,-0.0003684446782727,0.0007689492015803,1.3760848450179983,0,Calm/Bull,0.9976
2020-02-21,sp500,-0.0105738092328197,0.0087736158904219,0.0062958979836276,0.0096801913246198,1.0305050892785583,-0.0021568512528389,0.0001832424302714,1.393544799048132,0,Calm/Bull,0.9986
2020-02-24,sp500,-0.0340880794204407,0.0115164488602767,0.0077171584129654,0.0139992863221714,1.2599790503899675,-0.0093428343566241,-0.0010669970694409,1.492317281051046,2,Stress/Bear,0.9812
2020-02-25,sp500,-0.0307479043753532,0.0129189853329781,0.0087023413071468,0.0409882879679529,1.4210469454368968,-0.0149075724344652,-0.0018116046703663,1.484541329396987,2,Stress/Bear,1.0
2020-02-26,sp500,-0.00378569732353,0.012619741463427,0.0086973572282436,0.0235914061030497,1.358888172718895,-0.0166036615560282,-0.0025010587115605,1.450985757195986,2,Stress/Bear,0.999
2020-02-27,sp500,-0.0451681363522611,0.0158040324226181,0.0104496284419259,0.0401778509812432,1.6783361150352425,-0.0248727253408809,-0.0047161030219943,1.5124013748861382,2,Stress/Bear,1.0
2020-02-28,sp500,-0.008272463109653,0.0157115044550294,0.0104447519583978,0.0351632186643758,1.9264757471622116,-0.0244124561162476,-0.0052861990239875,1.5042486904054215,2,Stress/Bear,1.0
2020-03-02,sp500,0.0450108687694132,0.0190070535663261,0.0119775569683678,0.0471712527716589,1.4053019492188326,-0.0085926664782768,-0.0021424334069487,1.586889013888472,2,Stress/Bear,1.0
2020-03-03,sp500,-0.0285104849229145,0.0197453409195354,0.012498167223316,0.0533034829688393,1.364923271482524,-0.0081451825877891,-0.0039293789411561,1.5798589158496328,2,Stress/Bear,1.0
2020-03-04,sp500,0.0413363493606331,0.0218466681909733,0.0136192465717228,0.0308582687802453,1.0735404018766674,0.0008792267490435,-0.0026060272689997,1.604102552657558,2,Stress/Bear,0.9911
2020-03-05,sp500,-0.0345107824399811,0.0227011334125798,0.0142769533129034,0.0275170679807893,1.162740874813349,0.0030106975314995,-0.0048909553239474,1.590054468558263,2,Stress/Bear,0.9829
2020-03-06,sp500,-0.0172009436523861,0.0227741143573198,0.014432843120814,0.0283914483227196,1.3291794700691604,0.0012250014229528,-0.0059170102594168,1.5779368047364553,2,Stress/Bear,0.8815
2020-03-09,sp500,-0.0790104129403714,0.0280283022165158,0.0176074120816543,0.0471353104158166,1.6336411295714883,-0.023579254919004,-0.0095967563559625,1.5918467794434925,2,Stress/Bear,1.0
2020-03-10,sp500,0.0482150524258591,0.0306929965997126,0.0187634124830843,0.051553862425114,1.421476439783759,-0.0082341474492493,-0.0075509882406982,1.635789685238919,2,Stress/Bear,1.0
2020-03-11,sp500,-0.0501028928086054,0.0320282392825176,0.0197370415444399,0.0431826788017696,1.33665698871031,-0.026521995883097,-0.0101404853154285,1.6227477259143808,2,Stress/Bear,1.0
2020-03-12,sp500,-0.0999448524024735,0.0374968756341921,0.0234061150369235,0.0734043842053811,1.5245464394203705,-0.0396088098755954,-0.0154598205908124,1.6020119347033988,2,Stress/Bear,1.0
2020-03-13,sp500,0.0888084069492359,0.0441206331332147,0.0262693284253586,0.0807666337245858,1.3727805502505976,-0.018406939755271,-0.0109378114253511,1.6795493367323244,2,Stress/Bear,1.0
2020-03-16,sp500,-0.1276521974728174,0.051096641344208,0.030819457160276,0.0762909179310607,1.245934982384724,-0.0281352966617602,-0.0174125131039163,1.657934501522233,2,Stress/Bear,1.0
2020-03-17,sp500,0.0582263126356917,0.0537689110816143,0.0318743628702276,0.0738931819704346,1.2885781580517834,-0.0261330446197937,-0.0143549867728243,1.686901517075888,2,Stress/Bear,1.0
2020-03-18,sp500,-0.0532222723320802,0.0542464525137932,0.0324828481442269,0.0721613117806271,1.3026388455155422,-0.0267569205244887,-0.0172508378036426,1.6700029588826004,2,Stress/Bear,1.0
2020-03-19,sp500,0.004696760970401,0.0543907068282356,0.0324816603283359,0.0610901298538909,1.1444618187752529,-0.0058285978499137,-0.0168248588837226,1.674505129307906,2,Stress/Bear,1.0
2020-03-20,sp500,-0.0443276240533668,0.0547092752964143,0.0328688027171051,0.0683103780211995,1.2559083434305462,-0.0324558040504343,-0.01851254962475,1.6644742361711669,2,Stress/Bear,1.0
2020-03-23,sp500,-0.0297315010095767,0.0546526399510217,0.0330074792723398,0.0486591033336643,1.0101244416046893,-0.0128716647577862,-0.0182947207042068,1.655765334277448,2,Stress/Bear,1.0
2020-03-24,sp500,0.0896832325179632,0.0596173251401828,0.0352249645378353,0.0430142302716688,1.0171792013506171,-0.0065802807813319,-0.012273163859541,1.692473673781774,2,Stress/Bear,1.0
2020-03-25,sp500,0.0114689904208222,0.0598288353323568,0.035281767099238,0.0662031575478007,1.0955397265654931,0.0063579717692485,-0.0115104294723234,1.6957437297308395,2,Stress/Bear,1.0
2020-03-26,sp500,0.0605438310742465,0.0613490983226052,0.0362657525304438,0.0518199270438133,1.020455447970599,0.0175273857900176,-0.006224831100998,1.6916538067452174,2,Stress/Bear,1.0
2020-03-27,sp500,-0.0342678455416263,0.0616693028224877,0.0364733797597739,0.0377300907283968,0.8276725874919633,0.0195393414923657,-0.0075246002225966,1.6908030796340452,2,Stress/Bear,1.0
2020-03-30,sp500,0.0329665905699747,0.0611861968865463,0.0367520725244086,0.03293930396055,0.7707837894055157,0.0320789598082761,-0.0081268141325686,1.66483663869323,2,Stress/Bear,1.0
2020-03-31,sp500,-0.0161423107884158,0.0610316435028518,0.0367852601963249,0.027176452685269,0.8801871462248525,0.0109138511470002,-0.0075084054258436,1.6591331195463217,2,Stress/Bear,1.0
2020-04-01,sp500,-0.0451463627327869,0.0604497231067887,0.0371570947164658,0.0304634728863084,0.7935149973536195,-0.0004092194837215,-0.0118325410305146,1.6268689349385828,2,Stress/Bear,1.0
2020-04-02,sp500,0.0225726570569603,0.060669814101384,0.0373213876313701,0.0306422631022333,0.8550322472864701,-0.0080034542871787,-0.0089783690556675,1.6256044577074804,2,Stress/Bear,1.0
2020-04-03,sp500,-0.0152528608259442,0.0606574806778431,0.0373294812165834,0.0314306848180852,0.8089109334529171,-0.0042004573440423,-0.0088809649143455,1.624921608899734,2,Stress/Bear,1.0
2020-04-06,sp500,0.0679682441448303,0.0606173478956455,0.0384611906287576,0.0383980177505329,0.8612654220326184,0.0027998733709287,-0.0015320320600854,1.5760652986733483,2,Stress/Bear,1.0
2020-04-07,sp500,-0.0016043390483624,0.0594784032796506,0.0384618540849461,0.0373090174069578,0.9520114866671792,0.0057074677189394,-0.0040230016337964,1.5464257949782585,2,Stress/Bear,1.0
2020-04-08,sp500,0.0334893711912846,0.0590050698497451,0.0387347740799467,0.0354366038531175,0.80181314784644,0.0214346145037537,0.000156611566198,1.523310029586371,2,Stress/Bear,1.0
2020-04-09,sp500,0.0143834703036993,0.0541338104504005,0.0387992822567175,0.0201482387968324,1.0850335679062302,0.0197967771531015,0.0058730277015066,1.3952271099300553,2,Stress/Bear,1.0
2020-04-13,sp500,-0.0101560594446771,0.0505589158502297,0.0388062669742815,0.0221934298451612,0.7459213636871627,0.0208161374293549,0.000924804381811,1.3028544045150523,2,Stress/Bear,1.0
2020-04-14,sp500,0.0301145595723075,0.040809799124972,0.0390145938657041,0.016426216958717,0.7997333524351955,0.0132454005148504,0.0088131422340672,1.0460136856850897,2,Stress/Bear,1.0
2020-04-15,sp500,-0.0222767326723692,0.0396326794219878,0.0390876583358442,0.0144932176193921,0.7587533629797854,0.009110921790049,0.0047879899686642,1.0139435594084631,2,Stress/Bear,1.0
2020-04-16,sp500,0.0057998378395412,0.0372091451086481,0.0391041109888999,0.0150702579594569,0.7821277099862596,0.0035730151197003,0.0077390954772452,0.951540494532922,2,Stress/Bear,1.0
2020-04-17,sp500,0.0264409320213205,0.0374325720510243,0.0392849739659207,0.0168165169296456,0.8824848241467913,0.0059845074632246,0.0088263040297912,0.9528470626834727,2,Stress/Bear,1.0
2020-04-20,sp500,-0.0180428456153477,0.0358981147502747,0.0393336218031807,0.0171970594438803,0.8186958328189047,0.0044071502290904,0.0101405429516922,0.9126572409198224,2,Stress/Bear,1.0
2020-04-21,sp500,-0.0311551152363306,0.0359826481365914,0.0394969245946197,0.0213552562907319,0.816485350725293,-0.0078467847326371,0.0100693622403545,0.9110240482240743,2,Stress/Bear,1.0
2020-04-22,sp500,0.0226713005821367,0.0309466254684576,0.0395990351633885,0.0139856413419392,0.8270710383873536,0.001142821918264,0.0067187656435631,0.7814994820143876,1,Transition,0.9961
2020-04-23,sp500,-0.0005395676601955,0.0309660998201594,0.03956619202184,0.0180998969527274,0.958774409200998,-0.0001250591816833,0.0061183377395123,0.7826403865973905,1,Transition,0.9984
2020-04-24,sp500,0.0138220905668392,0.0282909273670467,0.0396226968181687,0.0179607406203151,0.9119430553373128,-0.0026488274725796,0.0037822507141419,0.7140081225888228,1,Transition,1.0
2020-04-27,sp500,0.0146068681817359,0.0269083048133474,0.0396774441970188,0.0121001634061488,0.8891525095616363,0.0038811152868371,0.00622598640031,0.678176363369926,1,Transition,1.0
2020-04-28,sp500,-0.0052561701904836,0.026258644218059,0.0396264043443513,0.021107828019827,0.9728998343928628,0.0090609042960065,0.0043148483622871,0.6626552333608886,1,Transition,1.0
2020-04-29,sp500,0.026236704045073,0.0262308425114891,0.0397770079221205,0.0145262969578744,1.13539372499534,0.0097739849885938,0.0064337991039615,0.6594473511644352,1,Transition,1.0
2020-04-30,sp500,-0.0092551433190548,0.0236134503554377,0.039728910519388,0.0131985806726674,1.1126740162877613,0.0080308698568219,0.0082283600746481,0.5943644073479978,1,Transition,1.0
2020-05-01,sp500,-0.0284602110147759,0.0247134955967183,0.0398342462292031,0.0167731703791458,0.8210831519604401,-0.000425590459501,0.0056767166710613,0.6204082651525231,1,Transition,1.0
2020-05-04,sp500,0.0042408225788494,0.0242241667290048,0.0398367938798472,0.0163187251516099,0.8266681934187791,-0.0024987995800783,0.006651400841301,0.6080852490807366,1,Transition,1.0
2020-05-05,sp500,0.0089999351977798,0.0194953328942408,0.0398636951834651,0.012090171782932,0.9072552408904756,0.0003524214975742,0.0037029853939485,0.4890498185007004,1,Transition,1.0
2020-05-06,sp500,-0.0070038803990425,0.0196097500165518,0.0398470138156886,0.0152576538116321,0.8802962647094411,-0.0062956953912488,0.0034330083264145,0.4921259622428982,1,Transition,1.0
2020-05-07,sp500,0.0114389557548908,0.0184143862853252,0.039885138348276,0.0088296647994797,0.9376733369587644,-0.0021568755764597,0.0023304875545948,0.4616854058404235,1,Transition,1.0
2020-05-08,sp500,0.0167307950652262,0.0185025201549639,0.0399465290686852,0.0099938660689785,0.9077010870845038,0.0068813256395407,0.0024478537926711,0.4631821734286381,1,Transition,1.0
2020-05-11,sp500,0.0001330693667907,0.0182752753295852,0.0399477388284695,0.0139274447765541,0.9014139245019808,0.006059774997129,0.0029623102332445,0.4574795937276184,1,Transition,1.0
2020-05-12,sp500,-0.0207133657720476,0.0178293772501972,0.0400136927189872,0.026559857203276,0.9619656934859976,0.0001171148031635,0.0004209139660268,0.4455819005611761,1,Transition,1.0
2020-05-13,sp500,-0.01761699662428,0.0175453466135576,0.0400598579136023,0.0287198546930407,1.1457223033531978,-0.0020055084418839,0.0006539007684312,0.4379782537271577,1,Transition,1.0
2020-05-14,sp500,0.0114589178040714,0.0176778348184595,0.0400913020375878,0.0302051380368098,1.0483792422345937,-0.0020015160320478,0.0009368547666577,0.4409394038109714,1,Transition,1.0
2020-05-15,sp500,0.003918675203723,0.0166554586079874,0.0401006013807518,0.0168418414258146,1.024594300039615,-0.0045639400043484,-0.0001892580742221,0.4153418660694209,1,Transition,1.0
2020-05-18,sp500,0.0310152087700734,0.0174797857016691,0.0403215384524867,0.0183587117015442,1.173195026345335,0.001612487876308,0.0022636446450489,0.4335098900620218,1,Transition,1.0
2020-05-19,sp500,-0.0105397477115992,0.0159459266045384,0.0401183636204369,0.0143211506635031,0.9186161624641316,0.0036472114883977,0.0032944130212855,0.3974720094619053,1,Transition,1.0
2020-05-20,sp500,0.0165139906134157,0.0156079884525017,0.0400010417045827,0.0089716198580068,0.9231723474342968,0.0104734089359368,0.0029865475228494,0.3901895497564923,1,Transition,1.0
2020-05-21,sp500,-0.0078039683099536,0.0157779658734128,0.0400093928248319,0.0135424100675849,0.924663267367002,0.0066208317131318,0.0026233274903615,0.3943565437868931,1,Transition,1.0
2020-05-22,sp500,0.0023509456868123,0.0155563872042287,0.0395868031668751,0.0078397273707216,0.7475979204711144,0.0063072858097497,0.0020497702463602,0.3929690189594731,1,Transition,1.0
2020-05-26,sp500,0.0122142850214605,0.0154636635263302,0.0396037382773433,0.0112141135879761,1.0944622847005456,0.0025471010600271,0.0019301410883464,0.3904596939318928,1,Transition,1.0
2020-05-27,sp500,0.0147184474903143,0.0156193559856373,0.0392141066042873,0.0219028837917823,1.1894267067380893,0.0075987401004098,0.0029288719723863,0.3983096221789152,1,Transition,1.0
2020-05-28,sp500,-0.0021101393249195,0.0146490178747298,0.0390398654435505,0.0149419320609706,1.0240432130737145,0.0038739141127428,0.0015115298038867,0.3752322839306783,1,Transition,1.0
2020-05-29,sp500,0.0048007935523079,0.014440987550049,0.0386696795978127,0.0166079714220961,1.3623068200093733,0.0063948664851951,0.0022143266474548,0.3734447169007791,1,Transition,1.0
2020-06-01,sp500,0.0037442164783643,0.0125065400819095,0.0384133149831621,0.0100270288192888,0.8750587873758109,0.0066735206435055,0.0038245480221118,0.3255782555447666,1,Transition,1.0
2020-06-02,sp500,0.0081773072823986,0.0125443545378791,0.0383584340180681,0.0095527084114725,0.9667248476736168,0.0058661250956931,0.0040213722572893,0.3270298920954461,1,Transition,1.0
2020-06-03,sp500,0.0135566708125639,0.0126801822630948,0.0369375446482594,0.0102598051984805,1.1081796142750486,0.005633769760143,0.0042492090380285,0.3432870913278846,1,Transition,1.0
2020-06-04,sp500,-0.0033743890836089,0.0125358055361472,0.0364439890298363,0.012370073671658,1.1735511542341808,0.0053809198084052,0.0044306836038002,0.343974572209542,1,Transition,1.0
2020-06-05,sp500,0.0258740128216358,0.0133496775717748,0.0359449005145572,0.0149908995617526,1.5236152605606423,0.0095955636622707,0.0051524364571374,0.3713928090124593,1,Transition,1.0
2020-06-08,sp500,0.011969656405806,0.0131736311819461,0.0333460756186256,0.011486820602228,1.452358991738184,0.0112406516477591,0.0049143795241664,0.3950579172377301,1,Transition,1.0
2020-06-09,sp500,-0.0078297434197219,0.013443307932623,0.0314823316305815,0.0092292462994064,1.0809303825011125,0.0080392415073349,0.0045162388848408,0.4270111912411327,1,Transition,1.0
2020-06-10,sp500,-0.005327255735182,0.0123165546518398,0.0264497310919346,0.0130966135353739,1.098914403056571,0.0042624561977857,0.0052855443866841,0.4656589743400273,1,Transition,1.0
2020-06-11,sp500,-0.0607526929962889,0.0186741319084638,0.0268366199769442,0.0413177559133816,1.1633505849757384,-0.0072132045847502,0.0031287595680836,0.6958451520536925,2,Stress/Bear,0.9999
2020-06-12,sp500,0.0129762866052117,0.0187127988571092,0.0258340660846956,0.0341793336322767,0.9647522216312636,-0.009792749828035,0.0032046280081406,0.7243458616138948,1,Transition,0.532
2020-06-15,sp500,0.0082778608181752,0.0187469094758971,0.0258399327164012,0.0372074827042614,0.9482981756293852,-0.0105311089455611,0.0034225872888632,0.7255014818207327,2,Stress/Bear,0.8249
2020-06-16,sp500,0.0187848528667105,0.0179834032348762,0.0251128174417584,0.0247668263023446,0.9670506403775624,-0.0052081896882746,0.0028110694936951,0.7161045659883951,1,Transition,0.9931
2020-06-17,sp500,-0.0036067962326294,0.0177781569642673,0.0247226096165816,0.0106407545604494,0.7570726391811673,-0.0048640977877641,0.0031577170676436,0.719105193180876,1,Transition,0.9991
2020-06-18,sp500,0.0005940434038017,0.0175029389705719,0.0221196610977854,0.0085030813609538,0.7419479115938065,0.0074052494922539,0.0023617197071629,0.7912842286866836,1,Transition,0.9972
2020-06-19,sp500,-0.0056655135656737,0.0174440024246976,0.0221324954293694,0.0233783087358215,1.3539949921010943,0.0036768894580768,0.0024686424443769,0.7881624772211523,1,Transition,0.962
2020-06-22,sp500,0.0064740932966583,0.0174668874068033,0.0208435328912705,0.0133200425503425,0.7558868968734018,0.0033161359537735,0.0026747998248692,0.8380003283473443,1,Transition,0.9963
2020-06-23,sp500,0.0042981691914837,0.0173284847087856,0.0202666139776166,0.0088716742332074,0.7669750100941324,0.0004187992187281,0.0022789940333703,0.8550261394391782,1,Transition,0.9948
2020-06-24,sp500,-0.0261952655956623,0.0181769057162621,0.020246798205154,0.0271708716205789,0.9171405893219104,-0.0040988946538784,0.0002333083790715,0.8977669225564253,1,Transition,0.7422
2020-06-25,sp500,0.0108998277282181,0.0183208510097216,0.0201255739762748,0.0201831498032512,0.7981788897820312,-0.0020377377889951,0.0008838067317284,0.9103268821708804,1,Transition,0.9748
2020-06-26,sp500,-0.0245252042748311,0.0191458287333367,0.0194553427436068,0.0229640905052945,1.3261223957724242,-0.0058096759308266,-0.0005824931596285,0.9840910533240604,2,Stress/Bear,0.9161
2020-06-29,sp500,0.0145788881135335,0.0194259321529178,0.0193481099592431,0.0177352263552637,0.73302396696422,-0.0041887169674515,-4.075957787004593e-05,1.0040222116702162,1,Transition,0.8813
2020-06-30,sp500,0.0152923494357555,0.0196482306395676,0.0192572326095003,0.0205399916905455,0.7741313446330063,-0.0019898809185972,0.0003149925297977,1.0203039573751855,1,Transition,0.8386
2020-07-01,sp500,0.0050095639758705,0.0194368758097122,0.0173107947131298,0.008752003809893,0.7414071660488731,0.0042510849957093,-0.0001123628120368,1.1228182259575767,1,Transition,0.9465
2020-07-02,sp500,0.0045309704768169,0.0194474266688251,0.0173035781035539,0.0131916635837186,0.7128816179246492,0.002977313545429,0.0002829051659844,1.1238962573198024,1,Transition,0.9659
2020-07-06,sp500,0.0157569308321632,0.0188697315249116,0.0169161558303365,0.0085856770657977,0.8357649723165453,0.0110337405668279,-0.0002229489334892,1.11548579441859,1,Transition,0.8707
2020-07-07,sp500,-0.0108774778696435,0.0187841315634741,0.0169277056893493,0.0131051752467995,0.8314490969715957,0.0059424673701925,-0.0013653056472616,1.109667896417454,1,Transition,0.9241
2020-07-08,sp500,0.0077969862634302,0.0188260419808046,0.0168677739835999,0.0111263999265561,0.910212870803884,0.0044433947357274,-0.000583969163104,1.116095223893126,1,Transition,0.9671
2020-07-09,sp500,-0.0056595914761946,0.0188305951056217,0.016496035695528,0.0203296512213769,0.9076309186838664,0.0023095636453144,-0.0006005859501546,1.141522451404891,1,Transition,0.9716
2020-07-10,sp500,0.010411809774443,0.0125383883867037,0.0162283009539929,0.0158868011188782,0.8682117910261299,0.0034857315048396,0.0029576391883818,0.7726248374521726,1,Transition,0.9994
2020-07-13,sp500,-0.0094066452160588,0.0125958742917672,0.0162904937945602,0.0272216002422201,0.9493889607515572,-0.0015469837048047,0.0018384925973183,0.7732039587390084,1,Transition,0.9932
2020-07-14,sp500,0.0133173005829039,0.0127805211703614,0.0160429019830986,0.0229209007652262,0.8835333571509434,0.0032919719857047,0.0020904645855548,0.7966464660711589,1,Transition,0.9956
2020-07-15,sp500,0.009041056936355,0.0122868217001269,0.0158557866602622,0.0116284894283364,0.9293146962659606,0.0035407861202897,0.001603274789037,0.7749108866935093,1,Transition,0.9997
2020-07-16,sp500,-0.0034119152141152,0.0122825489256523,0.0152591243161593,0.0067794525462237,0.792363050288406,0.0039903213727055,0.0016130188399627,0.8049314410949002,1,Transition,0.9996
2020-07-17,sp500,0.0028445625875835,0.0122830313019796,0.015032037738597,0.0086426204228884,0.8038324993234374,0.0024768719353336,0.0017255447991518,0.8171235008571764,1,Transition,0.9996
2020-07-20,sp500,0.0083717972551403,0.0122394464196824,0.0150469405591749,0.0133617257116369,0.833582349757734,0.0060325604295735,0.0024274103401925,0.8134176094833746,1,Transition,0.9995
2020-07-21,sp500,0.00167762933456,0.0122029184383006,0.0149736492423549,0.0090627265185073,0.955809683828978,0.0037046261799047,0.0021875871420876,0.8149595493250307,1,Transition,0.9995
2020-07-22,sp500,0.0057306305944738,0.0122201497812753,0.0148936735299755,0.0080036051510078,0.8992879516581831,0.0030425409115285,0.0022592102122371,0.8204926579517565,1,Transition,0.9995
2020-07-23,sp500,-0.0123963784122468,0.010840755879919,0.0149821659782741,0.0177182026795967,0.918111699644252,0.0012456482719021,0.0029491545714078,0.7235773449339337,1,Transition,0.9996
2020-07-24,sp500,-0.0062096400242761,0.0108553925318075,0.0146763357892579,0.0084617825835419,0.7982137058118601,-0.0005651922504697,0.0020936811837831,0.7396527776199375,1,Transition,0.9999
2020-07-27,sp500,0.0073679288214823,0.0089069618587839,0.0146267521590553,0.008390395898655,0.8992355056593055,-0.0007659659372013,0.0036883378385988,0.6089500773601153,1,Transition,1.0
2020-07-28,sp500,-0.0064944354186463,0.0087966080759808,0.0141234361928636,0.0085600630521902,0.9224001867020742,-0.0024003788878426,0.0026346716619898,0.6228376689537908,1,Transition,1.0
2020-07-29,sp500,0.0123517833517425,0.0085962019328236,0.0141825832988631,0.011514718762948,1.0217706371110236,-0.0010761483363888,0.0024876433577892,0.6061097440205172,1,Transition,1.0
2020-07-30,sp500,-0.0037573017634548,0.0086839095759632,0.0141756759302795,0.0144136994673116,0.975157928817166,0.0006516669933695,0.0020493000708229,0.6125922755763773,1,Transition,1.0
2020-07-31,sp500,0.0076412362421762,0.0087582226009575,0.0141429740002069,0.015869154983525,1.1344501738649166,0.00342184224666,0.0022048133590909,0.6192631479651621,1,Transition,0.9999
2020-08-03,sp500,0.0071553626643586,0.008254413496023,0.0141068560485918,0.0055241593325035,1.0092977611886,0.0033793290152352,0.0017747349507006,0.5851348782173924,1,Transition,1.0
2020-08-04,sp500,0.0036054230261335,0.0077028932013737,0.0139794472573262,0.0061908086298447,1.0055076072265947,0.0053993007041912,0.0024988799954895,0.5510155773388586,1,Transition,1.0
2020-08-05,sp500,0.0064091604355179,0.0076587781416265,0.013988597006735,0.0040266912271892,1.037750269559789,0.0042107761209463,0.0024294887040939,0.5475015212704392,1,Transition,1.0
2020-08-06,sp500,0.0064071260206648,0.0074607353480247,0.013672870767419,0.0098204139491312,0.9855080274500374,0.0062436616777702,0.0030328245789368,0.5456597575545629,1,Transition,1.0
2020-08-07,sp500,0.0006328292699566,0.0072696847058044,0.0134167164109468,0.0071077523069215,0.9511439563226776,0.0048419802833263,0.0025438755537125,0.541837844904662,1,Transition,1.0
2020-08-10,sp500,0.0027384652733919,0.0067041453467025,0.0133693215079718,0.0082875603409789,1.0082708627165389,0.0039586008051329,0.0031511310781851,0.5014574107373344,1,Transition,1.0
2020-08-11,sp500,-0.0080010554013772,0.0066974558309664,0.0134397557767837,0.0163692692837402,1.1320900895551194,0.0016373051196308,0.002085213278971,0.4983316618398563,1,Transition,1.0
2020-08-12,sp500,0.0138995022936135,0.0070422627079887,0.0129993907296962,0.0095936606279657,0.8843921461241597,0.0031353734912499,0.0023281355468339,0.5417379056005377,1,Transition,1.0
2020-08-13,sp500,-0.0020492726761566,0.0069902055432333,0.0129036932023621,0.00708178117294,0.811279056256676,0.0014440937518856,0.0023962676737319,0.5417213067305221,1,Transition,1.0
2020-08-14,sp500,-0.000171897396279,0.0070125303232356,0.0127732607085277,0.005001739389255,0.7622796785050451,0.0012831484186384,0.0022454446745387,0.5490007980933107,1,Transition,1.0
2020-08-17,sp500,0.0027061775074234,0.0068649037467735,0.0127068804151299,0.0024749089180243,0.829405120369122,0.0012766908654447,0.0019621636871529,0.540250913087969,1,Transition,1.0
2020-08-18,sp500,0.0023007404198168,0.0068649584145316,0.0127068777237902,0.0073486055244614,0.8890039378982459,0.0033370500296836,0.0019933192414157,0.54025532973209,1,Transition,1.0
2020-08-19,sp500,-0.004414123345182,0.0069485608103131,0.0126679274251241,0.0088537641935195,0.8978008213354454,-0.0003256750980754,0.0014860815444329,0.5485159945368889,1,Transition,1.0
2020-08-20,sp500,0.0031536547683461,0.0061358968750777,0.0125587682305458,0.0106660761060265,0.8461175285715465,0.000714910390825,0.0022635832034626,0.4885747361874076,1,Transition,1.0
2020-08-21,sp500,0.0034351999829724,0.005804995153191,0.0125497915826148,0.006078578247124,0.8663288117524769,0.0014363298666753,0.002745825203825,0.4625570962654559,1,Transition,1.0
2020-08-24,sp500,0.0099936153649035,0.0059430778607433,0.0125879285281393,0.0055256944686062,0.9278556600122272,0.0028938174381713,0.0028771095309961,0.4721251671756857,1,Transition,1.0
2020-08-25,sp500,0.0035898997455401,0.0055187757942647,0.0125875806918071,0.0053344655977553,0.903929983021022,0.003151649303316,0.0033813262892054,0.4384302217706384,1,Transition,1.0
2020-08-26,sp500,0.0101440013448414,0.0053493816563849,0.0126065074037136,0.0106131163450202,0.9502843478060872,0.0060632742413207,0.0032709371888603,0.4243349474263715,1,Transition,1.0
2020-08-27,sp500,0.0016716460318091,0.0051061867208406,0.012515277170981,0.0094789240198625,0.9982404135595906,0.0057668724940133,0.0035423845786235,0.4079962953341727,1,Transition,1.0
2020-08-28,sp500,0.0067100028495702,0.0050709678018611,0.0125119625686965,0.0071008668846527,0.99042425943032,0.0064218330673329,0.0034958229089932,0.4052895598127954,1,Transition,1.0
2020-08-31,sp500,-0.0021973751755085,0.0051464150141318,0.0121226859135819,0.0061480323659943,1.114549496472914,0.0039836349592504,0.0030281860169999,0.4245276212564374,1,Transition,1.0
2020-09-01,sp500,0.0074968314207059,0.0052420596528194,0.012071021908388,0.0094792317259527,1.0555250236473954,0.0047650212942836,0.0032227564367285,0.4342680920143821,1,Transition,1.0
2020-09-02,sp500,0.0152490501438697,0.0058610039828593,0.0121377616319904,0.0147675198152384,1.1089061064259602,0.0057860310540893,0.0036647509221461,0.4828735446090826,1,Transition,1.0
2020-09-03,sp500,-0.0357575941421853,0.0105391088056379,0.013044103097959,0.0397793911584896,1.257699418639561,-0.0016998169807095,0.0015565149140036,0.807959637124227,2,Stress/Bear,0.992
2020-09-04,sp500,-0.0081662807542751,0.0107610208317886,0.010274736453882,0.037794436178886,1.1317944140038243,-0.0046750737014786,0.001116559412792,1.0473281606870677,2,Stress/Bear,0.9473
2020-09-08,sp500,-0.0281488290864667,0.0125788522513192,0.0108969541942567,0.015216802077669,1.191404874442393,-0.0098653644836703,-0.0004278053052009,1.1543457031276638,2,Stress/Bear,0.7219
2020-09-09,sp500,0.0199447606621803,0.0132286806649177,0.0111213593565017,0.0170434286682938,1.0102131840819983,-0.0073757786353754,0.0009694854979769,1.189484148552758,2,Stress/Bear,0.5411
2020-09-10,sp500,-0.0177412459253955,0.0134903691557742,0.0111707298195001,0.0288393444272204,1.0751162033540496,-0.0139738378492284,-0.0006125519129734,1.2076533381216283,2,Stress/Bear,0.7982
2020-09-11,sp500,0.0005329301580873,0.0134882516390183,0.0111538980392245,0.0175038928758891,0.9444879834639694,-0.0067157329891739,-0.0004834417712612,1.209285900909675,0,Calm/Bull,0.6761
2020-09-14,sp500,0.0126613350250229,0.0138053750357561,0.0112516075239312,0.0116357047921275,0.9695601818679735,-0.0025502098333143,0.0001582198498038,1.2269691247577943,0,Calm/Bull,0.7743
2020-09-15,sp500,0.0052057859304996,0.0138409245406896,0.011223784876515,0.0088880339006045,1.016847626741915,0.0041207131700789,0.0002832002709576,1.2331779959228186,0,Calm/Bull,0.9692
2020-09-16,sp500,-0.0046296468921518,0.013874468669317,0.0112328834109469,0.0131354606959113,1.1673406826972648,-0.0007941683407874,-6.331909464080064e-05,1.235165376665069,0,Calm/Bull,0.9279
2020-09-17,sp500,-0.0084479495285524,0.0139700349968748,0.0112969601569377,0.0138068857050744,1.0741604932882136,0.0010644909385811,-0.0002650104038093,1.2366189490626325,0,Calm/Bull,0.9007
2020-09-18,sp500,-0.0112455769478285,0.0141544011285159,0.0108389733952046,0.0210485763703716,1.661235169806856,-0.001291210482602,-0.000984971989618,1.3058802353715653,2,Stress/Bear,0.9506
2020-09-21,sp500,-0.0116385640272977,0.0143071467967253,0.0108948951002888,0.0172108921186062,1.117836938243639,-0.0061511902930661,-0.0017386601901315,1.3131972969933423,0,Calm/Bull,0.6654
2020-09-22,sp500,0.0104630163983761,0.0143277760142993,0.0104301413198551,0.0148873666983909,0.9162438362038162,-0.0050997441994908,-0.0017151901384579,1.3736895383214514,0,Calm/Bull,0.8563
2020-09-23,sp500,-0.0240073389143741,0.0150981589747163,0.0108003807017058,0.0280451884779065,1.0007473636575566,-0.0089752826039353,-0.0030950520714536,1.397928405647012,2,Stress/Bear,0.9541
2020-09-24,sp500,0.002983005554629,0.0148505536671576,0.010639494830591,0.0213300718986033,1.0419953856599062,-0.006689091587299,-0.0034531018609642,1.3957949981289377,2,Stress/Bear,0.4502
2020-09-25,sp500,0.0158504392241884,0.0154350109352313,0.0108035240978078,0.0237807771915338,0.8626636392514417,-0.0012698883528956,-0.0027441622013452,1.428701486245894,2,Stress/Bear,0.9221
2020-09-28,sp500,0.0159821918538544,0.015867126085065,0.0109677715020152,0.0083035199051525,0.8953007874679508,0.0042542628233347,-0.002280552751131,1.4467046548288929,2,Stress/Bear,0.7628
2020-09-29,sp500,-0.0048242827044439,0.0158772706211969,0.0108237717556926,0.0091081266146419,0.8362454086425203,0.0011968030027707,-0.0024118981275778,1.4668888978415953,2,Stress/Bear,0.5318
2020-09-30,sp500,0.0082198425683796,0.0159018230945961,0.0107552229903979,0.0157865262832664,1.0744083758071288,0.0076422392993215,-0.0023757475701941,1.4785210040547685,2,Stress/Bear,0.7441
2020-10-01,sp500,0.005278949564295,0.015470655287359,0.0107335998868633,0.0105862631760508,0.9265463037329588,0.0081014281012547,-0.0028742525991729,1.4413296052048068,2,Stress/Bear,0.6625
2020-10-02,sp500,-0.0096238128663708,0.0135288697391581,0.0107878105520171,0.013561667087613,0.9132745509821908,0.0030065776831428,-0.0015675635353821,1.2540885542922686,0,Calm/Bull,0.9709
2020-10-05,sp500,0.0178131090029009,0.0140972131931634,0.0109384352449655,0.0124098009787685,0.8557140099555843,0.0033727611129521,-0.0002685940475233,1.2887778624142556,0,Calm/Bull,0.9493
2020-10-06,sp500,-0.0140720643875232,0.0129355029581739,0.0110308023256924,0.022916009426629,1.034873074742292,0.0015232047763363,0.0004352441874237,1.1726710874008754,1,Transition,0.7664
2020-10-07,sp500,0.0172471637702415,0.0127338608987144,0.0111161960006582,0.0121949652242541,0.8876813975976116,0.0033286690167087,0.0003003643428268,1.1455232435592586,0,Calm/Bull,0.9668
2020-10-08,sp500,0.0079782128948692,0.0120988215685088,0.011104197262419,0.0055500638324275,0.903573559556133,0.0038685216828235,0.00158633728384,1.0895719233533383,0,Calm/Bull,0.9884
2020-10-09,sp500,0.0087550951807528,0.0122004085499208,0.0111314555574317,0.0069798800971608,0.9189223318659802,0.0075443032922482,0.0019974455349733,1.0960299384904215,0,Calm/Bull,0.9812
2020-10-12,sp500,0.0162825301583242,0.0123923551515594,0.0112969455414727,0.0142152980433699,0.8042714573007598,0.0072381875233329,0.0021785052916384,1.0969651138057903,0,Calm/Bull,0.8166
2020-10-13,sp500,-0.0063268916291632,0.0125118177272833,0.011305376481039,0.009439226575988,0.849753264229355,0.0087872220750049,0.0016018714136552,1.1067139381220648,0,Calm/Bull,0.875
2020-10-14,sp500,-0.0066451720840594,0.0125726203418424,0.0113514104333548,0.0135839427745732,0.9172586577130472,0.0040087549041447,0.0015010951540599,1.1075822177039083,0,Calm/Bull,0.9254
2020-10-15,sp500,-0.001528923514213,0.0123781401968534,0.0113403742652585,0.0138344762012764,0.8923637378625366,0.0021073276223282,0.0018470464547768,1.091510730362231,0,Calm/Bull,0.9532
2020-10-16,sp500,0.0001349104566304,0.0120004113687423,0.0112036165150215,0.0101354717966464,1.156286627019049,0.0003832906775037,0.0024160708249998,1.0711194329663476,0,Calm/Bull,0.9505
2020-10-19,sp500,-0.0164646635149426,0.012341569451361,0.0113956373471412,0.0240711753163002,1.0184075240697068,-0.0061661480571495,0.0021747658506175,1.0830082667080558,1,Transition,0.9236
2020-10-20,sp500,0.0047161953200011,0.0122045825364959,0.0113758862564708,0.0119891342421694,0.9759730304263394,-0.0039575306673167,0.0018874247966988,1.072846744538583,0,Calm/Bull,0.7849
2020-10-21,sp500,-0.0021981140115702,0.010643642995435,0.0113412767180428,0.0092561469704422,1.025844586529859,-0.0030681190528188,0.002977886041839,0.938487196816392,0,Calm/Bull,0.7332
2020-10-22,sp500,0.0052053540034913,0.0106552933071105,0.011258200972701,0.0130852967676281,1.04850022894774,-0.001721263549278,0.0030890034642821,0.9464472461406274,0,Calm/Bull,0.7165
2020-10-23,sp500,0.0034398383203894,0.0102257104384588,0.0112453250797016,0.0075056517655721,0.919453982922016,-0.0010602779765261,0.0024684734190921,0.9093299096276728,0,Calm/Bull,0.9128
2020-10-26,sp500,-0.018764472985322,0.0107473101081627,0.011498404489719,0.0225111703756963,1.0070853366934631,-0.001520239870602,0.0007311401771333,0.9346783823592336,1,Transition,0.9603
2020-10-27,sp500,-0.0030302053504455,0.0107059080535405,0.0114758816647281,0.0061344772280114,0.9933085039631816,-0.0030695200046913,0.0008208440448332,0.932905058305523,0,Calm/Bull,0.8739
2020-10-28,sp500,-0.0359255421085777,0.0133294763282787,0.0123915843693421,0.0224975274551189,1.2820567502989093,-0.0098150056240928,-0.0013864251890145,1.0756878161001795,2,Stress/Bear,0.6554
2020-10-29,sp500,0.0118765249399974,0.0135823532377346,0.0124607674883041,0.0245399632739157,1.212524859998388,-0.0084807714367916,-0.0010565464202294,1.0900093634267092,1,Transition,0.8548
2020-10-30,sp500,-0.0122037134452599,0.0136799018040341,0.0125277851019563,0.0217097429578379,1.1830700329452153,-0.0116094817899215,-0.0011855414491739,1.0919649158012683,1,Transition,0.9022
2020-11-02,sp500,0.0122429508905916,0.0133248460215089,0.0126332109193339,0.015225452683925,1.0458659089027764,-0.0054079970147388,-0.0014640493547893,1.0547473723498504,1,Transition,0.7325
2020-11-03,sp500,0.0176427376840778,0.0136290995624927,0.0128369628544176,0.0158021559151943,1.0307443416816713,-0.0012734084078341,0.0001216907487906,1.0617074861911369,1,Transition,0.7509
2020-11-04,sp500,0.0218075256550917,0.0139647083508305,0.0130946005731732,0.0235462443093716,1.150528015839935,0.0102732051448997,0.0003497088430331,1.066447828843278,1,Transition,0.8841
2020-11-05,sp500,0.0192732657767012,0.0145073058348363,0.0132054332188372,0.0123374664775642,1.1530841675608845,0.0117525533122405,0.0009144614871247,1.0985861345421135,1,Transition,0.9464
2020-11-06,sp500,-0.0002877565853738,0.0143905262372178,0.013201334448182,0.01061137698782,1.1372355846713234,0.0141357446842177,0.0004623188988184,1.0900811803309465,1,Transition,0.8758
2020-11-09,sp500,0.0116319747463441,0.0141571228240914,0.0132764846059507,0.0277453907240177,1.8982997163794468,0.0140135494553682,0.0002297911282194,1.066330677455541,2,Stress/Bear,0.9986
2020-11-10,sp500,-0.0014007752208676,0.0140796862501792,0.0132773684494048,0.0127794880368664,1.3022584347131734,0.0102048468743791,0.0004760969486342,1.0604274712893391,1,Transition,0.8974
2020-11-11,sp500,0.0076227283629914,0.0140613261183861,0.0133053992979257,0.0067624438663993,0.9915623637702284,0.007367887415959,0.0011894919709867,1.056813538890056,1,Transition,0.5556
2020-11-12,sp500,-0.0100286515470693,0.0142746400901342,0.0133628521748848,0.0142606159629139,1.037048756178762,0.0015075039512049,0.0007645055693439,1.068233031639987,1,Transition,0.6697
2020-11-13,sp500,0.013518546706294,0.014554533990096,0.0134606670530752,0.0114611229290964,0.9965668174108114,0.0042687646095385,0.0014336873818271,1.0812639472254784,1,Transition,0.6892
2020-11-16,sp500,0.0115807349228326,0.0140827238767879,0.0135270188354681,0.0078165982456845,1.1041374478074244,0.0042585166448362,0.0028359573037158,1.0410811168431795,1,Transition,0.8014
2020-11-17,sp500,-0.0048034437846475,0.0141763945783197,0.0134968066050747,0.0095386866162066,0.994092477302714,0.0035779829320802,0.0023599753484834,1.0503517604667734,1,Transition,0.709
2020-11-18,sp500,-0.0116312106474813,0.0144894899167718,0.0135870671308255,0.014507582901158,1.078572384145987,-0.0002728048700143,0.0018883205166879,1.0664177763498996,1,Transition,0.9135
2020-11-19,sp500,0.0039386756907327,0.0144769909355395,0.0135366376011985,0.0115525916514783,0.8887813850410998,0.0025206605775461,0.0018249866010499,1.0694672755557595,1,Transition,0.5645
2020-11-20,sp500,-0.0068157373729185,0.0145979046576536,0.0135683569162236,0.0068530171255429,0.8578037989735399,-0.0015461962382964,0.0013122078163845,1.0758785863157043,1,Transition,0.9159
2020-11-23,sp500,0.0056201081818496,0.013830995114131,0.0135604191387501,0.0103533490848693,1.0132547233080642,-0.0027383215864929,0.0025314368747431,1.0199533637280953,1,Transition,0.919
2020-11-24,sp500,0.0160324588140317,0.014082106156035,0.0137063333146999,0.0131457085219781,1.2296729084043674,0.0014288589332428,0.003484570082967,1.0274160005237918,1,Transition,0.9589
2020-11-25,sp500,-0.0015856747555094,0.0107149616923145,0.0136793504331088,0.004887521031414,0.9636233386713806,0.0034379661116372,0.0052015634506204,0.7832946267960654,1,Transition,0.9994
2020-11-27,sp500,0.0023941110259011,0.0106133692919977,0.0135441104014862,0.004117245472996,0.5568881178801536,0.0031290531786709,0.0047274427549156,0.7836150900566411,1,Transition,0.9987
2020-11-30,sp500,-0.004606140636972,0.0100989684722534,0.0127112826583707,0.0109867767690274,1.2461403863297724,0.0035709725258602,0.00510732139533,0.7944885456231289,1,Transition,0.9965
2020-12-01,sp500,0.0112081406615929,0.0100630731041327,0.0127261216220767,0.008895639372205,1.0588038393773893,0.0046885790218088,0.00505558088388,0.7907415474228764,1,Transition,0.9967
2020-12-02,sp500,0.0017895645286042,0.0096346620874526,0.0121326575349236,0.0071190519996819,0.9774520498330406,0.0018400001647233,0.0042629222261064,0.7941097867239278,1,Transition,0.916
2020-12-03,sp500,-0.0006243520802942,0.0087497983164047,0.0118939663339054,0.0069708237329202,0.9795120713617048,0.0020322646997664,0.0031413283393371,0.7356501667120249,1,Transition,0.9233
2020-12-04,sp500,0.0087974637151868,0.0080160555382135,0.0116665141411828,0.0076396572347889,0.9838439815853126,0.0033129352376235,0.0026175382362613,0.6870994575763475,1,Transition,0.9761
2020-12-07,sp500,-0.0019375134389632,0.0080559146441484,0.0116750810357947,0.0050190222789332,0.9272474992350136,0.0038466606772253,0.0025350503935819,0.690009312950352,1,Transition,0.9699
2020-12-08,sp500,0.0027832711701704,0.0077678489112338,0.011586701298789,0.0080005059212303,0.9201614119663194,0.0021616867789408,0.0020926152147732,0.6704107330397605,1,Transition,0.9699
2020-12-09,sp500,-0.0079809649484717,0.0080575507352594,0.0116401648746737,0.0141171776865143,1.058858643140072,0.0002075808835256,0.001763605728393,0.69221963967115,1,Transition,0.9819
2020-12-10,sp500,-0.0012859345277717,0.0079622812030617,0.0116193753331318,0.0090810113429111,0.942426277105872,7.526439403013779e-05,0.0013181725838548,0.6852589726022362,1,Transition,0.9516
2020-12-11,sp500,-0.0012657980842328,0.0075346484697479,0.0115536797502245,0.0088741272218805,0.8899813408757675,-0.0019373879658538,0.0017563152569966,0.652142748685889,1,Transition,0.9816
2020-12-14,sp500,-0.0043687882451469,0.0071149086999087,0.0114592675614769,0.0141933273757725,0.941418994925253,-0.0024236429270905,0.0008619485094246,0.6208868639935788,1,Transition,0.9965
2020-12-15,sp500,0.0128384820222186,0.0072194272508326,0.0114166643093103,0.0096545573681749,0.9015498586306412,-0.0004126007566809,0.0009248358643939,0.6323587218856164,1,Transition,0.9964
2020-12-16,sp500,0.001771225620323,0.0070934526548423,0.0113621960001683,0.006133182656033,0.8422296895367296,0.001537837357078,0.0012535693346424,0.6243029652663309,1,Transition,0.9875
2020-12-17,sp500,0.0057411428089832,0.0064687718188083,0.0108531275258089,0.0038280931193095,0.878204778442227,0.002943252824429,0.0021221870074657,0.596028361725728,1,Transition,0.9396
2020-12-18,sp500,-0.0035172969521487,0.0065725895714667,0.0108789062885278,0.011015192240648,1.4451485578345518,0.0024929530508458,0.0017493883753216,0.6041590392590913,1,Transition,0.9374
2020-12-21,sp500,-0.0039139284869094,0.0064034139491632,0.0107577766405185,0.0179760111935781,0.9619143241184432,0.0025839250024933,0.001894478819622,0.5952358152747966,1,Transition,0.9985
2020-12-22,sp500,-0.0020752446917703,0.0063989635743946,0.0106084525238888,0.0059936369004947,0.8295115721111829,-0.0003988203403044,0.001509711175941,0.6031948165846962,1,Transition,0.7334
2020-12-23,sp500,0.0007455332718186,0.0054094324344026,0.0105756846069339,0.0059511927825081,0.7937202354386647,-0.0006039588100053,0.0007453648988304,0.5114971404173603,1,Transition,0.9764
2020-12-24,sp500,0.0035303499794869,0.0054143616844943,0.0105438411777165,0.0039156804833207,0.4086297763640371,-0.0010461173759045,0.0010011661355802,0.5135094121046822,1,Transition,0.9702
2020-12-28,sp500,0.0086847075384115,0.0056759365995368,0.0105730795764541,0.0046795971381764,0.7606664206028363,0.0013942835222074,0.0013156959612057,0.5368290816780567,1,Transition,0.9631
2020-12-29,sp500,-0.0022298648272786,0.0055693209811497,0.0104820052727887,0.0088032482210743,0.7537144696923507,0.0017310962541336,0.0014345097516904,0.5313220930738976,1,Transition,0.9349
2020-12-30,sp500,0.0013406480950792,0.0050728688343532,0.0102686478612913,0.0038638175700339,0.718823452211803,0.0024142748115035,0.0009411351233647,0.4940152688920131,1,Transition,0.928
